Post ID,Page ID,Page name,Title,Description,Duration (sec),Publish time,Caption type,Permalink,Is crosspost,Is share,Post type,Languages,Custom labels,Funded content status,Data comment,Date,Views,Reach,"Reactions, Comments and Shares",Reactions,Comments,Shares,Total clicks,Other Clicks,Matched Audience Targeting Consumption (Photo Click),Matched Audience Targeting Consumption (Video Click),Link Clicks,Views,Reach from Organic posts,Reach from Boosted posts,3-second video views,1-minute video views,3-Second viewers,1-minute viewers,3-second video views from Boosted posts,3-second video views from Organic posts,Negative feedback from users,Unique negative feedback from users,Seconds viewed,Average Seconds viewed,Estimated earnings (USD),Ad CPM (USD),Ad impressions,"3-second video views by top audience (F, 18-24)","3-second video views by top audience (F, 25-34)","3-second video views by top audience (M, 25-34)","3-second video views by top audience (M, 18-24)","3-second video views by top audience (M, 35-44)","3-second video views by top audience (F, 35-44)","3-second video views by top audience (M, 45-54)","3-second video views by top audience (F, 45-54)","3-second video views by top audience (M, 55-64)","3-second video views by top audience (F, 55-64)","3-second video views by top audience (M, 65+)","3-second video views by top audience (F, 65+)",3-second video views by country (Egypt (EG)),3-second video views by country (Saudi Arabia (SA)),3-second video views by country (United Arab Emirates (AE)),3-second video views by country (Iraq (IQ)),3-second video views by country (Philippines (PH)),3-second video views by country (Nigeria (NG)),3-second video views by country (Brazil (BR)),3-second video views by country (Jordan (JO)),3-second video views by country (Kuwait (KW)),3-second video views by country (Algeria (DZ)),3-second video views by country (Tunisia (TN)),3-second video views by country (Morocco (MA)),3-second video views by country (Yemen (YE)),3-second video views by country (Syria (SY)),3-second video views by country (Sudan (SD)),3-second video views by country (Palestine (PS)),3-second video views by country (Lebanon (LB)),3-second video views by country (Russia (RU)),3-second video views by country (Oman (OM)),3-second video views by country (Finland (FI)),3-second video views by country (Turkey (TR)),3-second video views by country (Spain (ES)),3-second video views by country (Cyprus (CY)),3-second video views by country (Austria (AT)),3-second video views by country (Libya (LY)),3-second video views by country (Belgium (BE)),3-second video views by country (Italy (IT)),3-second video views by country (France (FR)),3-second video views by country (South Korea (KR)),3-second video views by country (Mauritania (MR)),3-second video views by country (Germany (DE)),3-second video views by country (India (IN)),3-second video views by country (Peru (PE)),3-second video views by country (Bangladesh (BD)),3-second video views by country (Colombia (CO)),3-second video views by country (Thailand (TH)),3-second video views by country (Indonesia (ID)),3-second video views by country (Ecuador (EC)),3-second video views by country (Mexico (MX)),3-second video views by country (Nepal (NP)),3-second video views by country (Cambodia (KH)),3-second video views by country (Mongolia (MN)),3-second video views by country (Poland (PL)),3-second video views by country (Venezuela (VE)),3-second video views by country (Sri Lanka (LK)),3-second video views by country (Laos (LA))
1001,6.15528E+13,المشورة والفحص قبل الزواج ,"💡 هل الزواج رحلة سهلة أم مليئة بالتحديات؟ 💍❤️
قبل أن تبدأ حياتك الجديدة، اسأل نفسك:
🤔 هل أنا مستعد نفسيًا وعاطفيًا لهذه المرحلة؟
💬 كيف أتواصل بفعالية مع شريك حياتي وأتفادى الخلافات؟
❤️ ما سر الزواج الناجح الذي يدوم مدى الحياة؟
المشورة ما قبل الزواج تمنحك الأدوات لفهم شريكك، بناء علاقة قوية، وتجاوز التحديات بثقة! لا تدع الأسئلة تبقى دون إجابة… اكتشف أسرار الزواج الناجح واستعد لحياة مليئة بالتفاهم والسعادة! 💑✨
📌 تابعنا لتتعرف على أهم نصائح المشورة قبل الزواج وكيف تبني علاقة متينة تدوم للأبد. ✅

📌 يمكنك ملئ الاستمارة المرفقة من خلال التالى 
للشباب من خلال اللينك التالى 
https://forms.gle/dYqcKiTHMW2SaJwu7
للبنات من خلال اللينك التالى 
https://forms.gle/BgfL4La5rvYaQ6uA9

#بداية_ذكية_لحياة_سعيدة
#المشورة_قبل_الزواج
#أسس_زواج_ناجح","💡 هل الزواج رحلة سهلة أم مليئة بالتحديات؟ 💍❤️
قبل أن تبدأ حياتك الجديدة، اسأل نفسك:
🤔 هل أنا مستعد نفسيًا وعاطفيًا لهذه المرحلة؟
💬 كيف أتواصل بفعالية مع شريك حياتي وأتفادى الخلافات؟
❤️ ما سر الزواج الناجح الذي يدوم مدى الحياة؟
المشورة ما قبل الزواج تمنحك الأدوات لفهم شريكك، بناء علاقة قوية، وتجاوز التحديات بثقة! لا تدع الأسئلة تبقى دون إجابة… اكتشف أسرار الزواج الناجح واستعد لحياة مليئة بالتفاهم والسعادة! 💑✨
📌 تابعنا لتتعرف على أهم نصائح المشورة قبل الزواج وكيف تبني علاقة متينة تدوم للأبد. ✅

📌 يمكنك ملئ الاستمارة المرفقة من خلال التالى 
للشباب من خلال اللينك التالى 
https://forms.gle/dYqcKiTHMW2SaJwu7
للبنات من خلال اللينك التالى 
https://forms.gle/BgfL4La5rvYaQ6uA9

#بداية_ذكية_لحياة_سعيدة
#المشورة_قبل_الزواج
#أسس_زواج_ناجح",6,04/10/2025 06:53,N/A,https://www.facebook.com/Premarital.Counseling2025/videos/654098320683268/,0,0,Videos,,,,,Lifetime,0,263,43,40,2,1,4,2,,,2,0,263,0,143,0,117,0,0,143,0,0,1573.306,4.963,0,0,0,43,39,9,23,4,2,2,4,2,13,,1,132,2,1,1,,,,,,3,,1,1,,,,,,,,,,,,,,,,,1,1,,,,,,,,,,,,,,,
1002,6.15528E+13,المشورة والفحص قبل الزواج ,"💡 هل تفكر في الفحص ما قبل الزواج ولكن لديك بعض التساؤلات؟ 💍🤔
هذه الخطوة مهمة لضمان حياة زوجية مستقرة، لكننا نعلم أن لديك الكثير من الأسئلة!
🔹 هل الفحص ضروري حتى لو كنا نشعر بصحة جيدة؟
🔹 ماذا أفعل إذا أظهرت النتائج مشكلة صحية؟
🔹 هل يمكن أن يؤثر الفحص على قرار الزواج؟

شاركنا في التعليقات: ما هي الأسئلة التي لديك حول الفحص ما قبل الزواج؟ 💬👇
📌 تابعنا لمعرفة المزيد عن المشورة قبل الزواج وكيف تصنع بداية صحيحة. ✅

📌 يمكنك ملئ الاستمارة المرفقة من خلال التالى 
للشباب من خلال اللينك التالى 
https://forms.gle/dYqcKiTHMW2SaJwu7

للبنات من خلال اللينك التالى 
https://forms.gle/BgfL4La5rvYaQ6uA9

#حياة_جديدة_بداية_صحيحة
#المشورة_ماقبل_الزواج
#سعادتك_مسؤوليتك",,0,04/11/2025 08:26,N/A,https://www.facebook.com/Premarital.Counseling2025/posts/pfbid02KbNcRquoxWrbUCFs6TR8QyBDM3AbXaWzd4FeixxvHZi7TMuq352gz6DMvhTbA9qdl,0,0,Photos,,,,,Lifetime,0,239,40,35,4,1,28,23,1,,4,0,239,0,0,0,0,0,0,0,0,0,,,,,,,,,,,,,,,,,,,,,,,,,,,,,,,,,,,,,,,,,,,,,,,,,,,,,,,,,,,,,,,
1003,6.15528E+13,المشورة والفحص قبل الزواج ,"بوست حول ""أكثر الأسئلة شيوعًا عن المشورة قبل الزواج""
💡 هل سمعت عن المشورة قبل الزواج لكن لديك تساؤلات؟ 💍✨
الكثير من المقبلين على الزواج يتساءلون:
❓ هل المشورة ضرورية أم اختيارية؟
❓ ما أهم الموضوعات التي يتم مناقشتها؟
❓ متى يكون الوقت المناسب للحصول على المشورة؟
🤔 ماذا عنك؟ ما هو السؤال الذي يشغل بالك حول المشورة قبل الزواج؟ 💬👇
📌 شاركنا استفسارك وتابعنا لتتعرف على أهم نصائح المشورة قبل الزواج وكيف تبني علاقة متينة تدوم للأبد. ✅

📌 يمكنك ملئ الاستمارة المرفقة من خلال التالى 
للشباب من خلال اللينك التالى 
https://forms.gle/dYqcKiTHMW2SaJwu7

للبنات من خلال اللينك التالى 
https://forms.gle/BgfL4La5rvYaQ6uA9

#بداية_ذكية_لحياة_سعيدة
#المشورة_قبل_الزواج
#أسس_زواج_ناجح",,0,04/12/2025 09:14,N/A,https://www.facebook.com/Premarital.Counseling2025/posts/pfbid07GA5uo3wVgdDiKcYEQ9pofpafK6KoMwHTX97ccE5ELEP1cRcz5ggj1PfiGriarRpl,0,0,Photos,,,,,Lifetime,0,154,36,33,3,0,17,16,,,1,0,154,0,0,0,0,0,0,0,0,0,,,,,,,,,,,,,,,,,,,,,,,,,,,,,,,,,,,,,,,,,,,,,,,,,,,,,,,,,,,,,,,
1004,6.15528E+13,المشورة والفحص قبل الزواج ,"هل فكرت يومًا إن ""الفحص قبل الزواج"" ممكن يكون طريقك لحياة مستقرة وسعيدة؟

في ليلة هادئة، جلس ""أسامة"" و""لينا"" يخططان لحياة جديدة، لكن إعلان على الشاشة قلب كل شيء...
""هل تعلم أن المشورة والفحص الطبي قبل الزواج يمكن أن يضمن لكما مستقبلًا أكثر سعادة واستقرارًا؟""

نظرات، تساؤلات، وصمت مليء بالمشاعر القلقة...
الحب وحده لا يكفي! 

شاركنا رأيك: هل تعتقد أن الحب وحده كافٍ لنجاح الزواج؟ أم أن الفحص والمشورة ضرورة؟

📌 يمكنك ملئ الاستمارة المرفقة من خلال التالى 
للشباب من خلال اللينك التالى 
https://forms.gle/dYqcKiTHMW2SaJwu7
للبنات من خلال اللينك التالى 
https://forms.gle/BgfL4La5rvYaQ6uA9

#مشورة_قبل_الزواج
#خطوة_بداية
#حياة_أكثر_وعيًا","هل فكرت يومًا إن ""الفحص قبل الزواج"" ممكن يكون طريقك لحياة مستقرة وسعيدة؟

في ليلة هادئة، جلس ""أسامة"" و""لينا"" يخططان لحياة جديدة، لكن إعلان على الشاشة قلب كل شيء...
""هل تعلم أن المشورة والفحص الطبي قبل الزواج يمكن أن يضمن لكما مستقبلًا أكثر سعادة واستقرارًا؟""

نظرات، تساؤلات، وصمت مليء بالمشاعر القلقة...
الحب وحده لا يكفي! 

شاركنا رأيك: هل تعتقد أن الحب وحده كافٍ لنجاح الزواج؟ أم أن الفحص والمشورة ضرورة؟

📌 يمكنك ملئ الاستمارة المرفقة من خلال التالى 
للشباب من خلال اللينك التالى 
https://forms.gle/dYqcKiTHMW2SaJwu7
للبنات من خلال اللينك التالى 
https://forms.gle/BgfL4La5rvYaQ6uA9

#مشورة_قبل_الزواج
#خطوة_بداية
#حياة_أكثر_وعيًا",33,04/13/2025 07:56,N/A,https://www.facebook.com/Premarital.Counseling2025/videos/1010660427252937/,0,0,Videos,,,,,Lifetime,0,490,133,101,30,2,75,71,,,4,0,490,0,359,0,270,0,0,359,0,0,7716.863,10.717,0,0,0,83,40,38,148,9,17,3,7,,5,4,1,316,7,1,6,,,,2,5,3,1,1,4,2,,,,,3,,1,1,,,2,,,2,1,1,,,,,,,,,,,,,,,,
1005,6.15528E+13,المشورة والفحص قبل الزواج ,"هل فكرت يومًا إن ""الفحص قبل الزواج"" ممكن يكون طريقك لحياة مستقرة وسعيدة؟

في ليلة هادئة، جلس ""أسامة"" و""لينا"" يخططان لحياة جديدة، لكن إعلان على الشاشة قلب كل شيء...
""هل تعلم أن المشورة والفحص الطبي قبل الزواج يمكن أن يضمن لكما مستقبلًا أكثر سعادة واستقرارًا؟""

نظرات، تساؤلات، وصمت مليء بالمشاعر القلقة...
الحب وحده لا يكفي! 

شاركنا رأيك: هل تعتقد أن الحب وحده كافٍ لنجاح الزواج؟ أم أن الفحص والمشورة ضرورة؟

📌 يمكنك ملئ الاستمارة المرفقة من خلال التالى 
للشباب من خلال اللينك التالى 
https://forms.gle/dYqcKiTHMW2SaJwu7
للبنات من خلال اللينك التالى 
https://forms.gle/BgfL4La5rvYaQ6uA9

#مشورة_قبل_الزواج
#خطوة_بداية
#حياة_أكثر_وعيًا","هل فكرت يومًا إن ""الفحص قبل الزواج"" ممكن يكون طريقك لحياة مستقرة وسعيدة؟

في ليلة هادئة، جلس ""أسامة"" و""لينا"" يخططان لحياة جديدة، لكن إعلان على الشاشة قلب كل شيء...
""هل تعلم أن المشورة والفحص الطبي قبل الزواج يمكن أن يضمن لكما مستقبلًا أكثر سعادة واستقرارًا؟""

نظرات، تساؤلات، وصمت مليء بالمشاعر القلقة...
الحب وحده لا يكفي! 

شاركنا رأيك: هل تعتقد أن الحب وحده كافٍ لنجاح الزواج؟ أم أن الفحص والمشورة ضرورة؟

📌 يمكنك ملئ الاستمارة المرفقة من خلال التالى 
للشباب من خلال اللينك التالى 
https://forms.gle/dYqcKiTHMW2SaJwu7
للبنات من خلال اللينك التالى 
https://forms.gle/BgfL4La5rvYaQ6uA9

#مشورة_قبل_الزواج
#خطوة_بداية
#حياة_أكثر_وعيًا",34,04/13/2025 08:21,N/A,https://www.facebook.com/reel/1962574334266509/,1,0,Reels,,,,,Lifetime,0,298,109,71,34,4,0,,,,,0,298,0,,,,,0,497,,,8364.485,8.289,0,,0,,,,,,,,,,,,,,,,,,,,,,,,,,,,,,,,,,,,,,,,,,,,,,,,,,,,,,,,,,
1006,6.15528E+13,المشورة والفحص قبل الزواج ,"أين تُقدَّم خدمات الفحص والمشورة ما قبل الزواج؟

الكثير من المقبلين على الزواج لا يعرفون من أين يبدأون، وأين يمكنهم الحصول على المشورة قبل الزواج التي تساعدهم على بناء أسرة مستقرة وآمنة.

برأيك، هل من السهل الوصول إلى هذه الخدمة؟ ماهى الأماكن إلى تقدم هذه الخدمة؟

شاركنا معلوماتك التى قد تساعد في اتخاذ الخطوة الصحيحة!

📌 يمكنك ملئ الاستمارة المرفقة من خلال التالى 

للشباب من خلال اللينك التالى 
https://forms.gle/dYqcKiTHMW2SaJwu7

للبنات من خلال اللينك التالى 
https://forms.gle/BgfL4La5rvYaQ6uA9

#المشورة_ما_قبل_الزواج 
#زواج_بوعي 
#خدمات_صحية
 #ابدأ_صح",,0,04/14/2025 11:00,N/A,https://www.facebook.com/Premarital.Counseling2025/posts/pfbid02p3DATYh6qUue59AMZSzYLPJ2tGCmyQUZm7nZypJe9FDvVGWAuMP2QotiNdViG2j9l,0,0,Photos,,,,,Lifetime,0,188,62,50,12,0,42,37,1,,4,0,188,0,0,0,0,0,0,0,0,0,,,,,,,,,,,,,,,,,,,,,,,,,,,,,,,,,,,,,,,,,,,,,,,,,,,,,,,,,,,,,,,
1007,6.15528E+13,المشورة والفحص قبل الزواج ,"الزواج ليس مجرد ارتباط… بل بداية حياة تحتاج إلى وعي واستعداد

خدمة المشورة والفحص قبل الزواج وُجدت لتمنحك راحة البال، وتكشف لك ما قد يغيب عنك قبل اتخاذ القرار الأكبر في حياتك.

نحن لا نقدّم لك إجابات جاهزة، بل نمنحك الأدوات التي تساعدك على فهم:

❓هل أنت وشريكك متوافقان صحيًا ونفسيًا؟

❓هل لديكما توقعات واقعية عن الحياة الزوجية؟

،❓كيف تتعاملان مع الاختلافات والتحديات المستقبلية؟

إنها ساعة واحدة... قد تغيّر سنوات من حياتك.

سؤالنا لك:🤔🤔
برأيك، من هم الأشخاص الذين لا يجوز أن يُقبلوا على الزواج دون المرور بهذه الخطوة؟
ننتظر إجاباتكم في التعليقات.🤗🤗

📌 يمكنك ملئ الاستمارة المرفقة من خلال التالى 
للشباب من خلال اللينك التالى 
https://forms.gle/dYqcKiTHMW2SaJwu7

للبنات من خلال اللينك التالى 
https://forms.gle/BgfL4La5rvYaQ6uA9

#المشورة_قبل_الزواج
 #الزواج_وعي_واختيار 
#خطوة_تستحق",,0,04/15/2025 08:44,N/A,https://www.facebook.com/Premarital.Counseling2025/posts/pfbid02zv7nMbSDs8kzXtZRyUj5CXrhSKUSf1zxaA9i1Ly7D4Jyr4oKBy4pxGfQpb2TZbaPl,0,0,Photos,,,,,Lifetime,0,340,40,38,0,2,11,9,2,,,0,340,0,0,0,0,0,0,0,0,0,,,,,,,,,,,,,,,,,,,,,,,,,,,,,,,,,,,,,,,,,,,,,,,,,,,,,,,,,,,,,,,
1008,6.15528E+13,المشورة والفحص قبل الزواج ,"📢 المشورة ما قبل الزواج: مفتاح لحياة زوجية مستقرة وسعيدة! 💍❤️

🔹 ما هى المشورة ما قبل الزواج ؟
المشورة ما قبل الزواج هو برنامج تأهيلي يساعد المقبلين على الزواج في الاستعداد لحياتهم الزوجية من خلال تقديم استشارات طبية ونفسية واجتماعية لضمان زواج مستقر وسعيد. 💍❤️

🔍 لماذا هو ضروري؟
الزواج ليس مجرد ارتباط، بل مسؤولية تتطلب استعدادًا صحيًا ونفسيًا لضمان حياة مستقرة وسعيدة. وهنا تأتي أهمية المشورة قبل الزواج في مساعدة الأزواج على بناء مستقبل آمن ومطمئن.

🔹 لماذا المشورة قبل الزواج ضرورية؟
✅ الكشف المبكر عن الأمراض الوراثية والمعدية التي قد تؤثر على صحة الزوجين والأبناء.
✅ الوقاية من انتقال الأمراض بين الزوجين أو إلى الأطفال مستقبلاً.
✅ التخطيط الأسري الصحي من خلال تنظيم الأسرة والتخطيط للحمل والولادة.
✅ زيادة الوعي الصحي لاتخاذ قرارات مستنيرة بشأن الحياة الصحية والإنجابية.
✅ تعزيز المهارات النفسية والاجتماعية: من خلال تطوير وحل النزاعات وتوزيع الأدوار وغيرها من المهارات لضمان علاقة قوية ومتينة.
✅ تحسين جودة الحياة بالتوجيه الغذائي والصحي لضمان صحة أفضل للزوجين. 

💡 الأبحاث العلمية تؤكد: الأزواج الذين يخضعون للمشورة ما قبل الزواج يتمتعون بعلاقات أكثر استقرارًا وسعادة، مع نسب طلاق أقل.

💡 الزواج ليس مجرد احتفال، بل هو رحلة تحتاج إلى تخطيط واستعداد! 

🚀 استعد لحياة زوجية مليئة بالتفاهم والسعادة! لا تجعل زواجك يعتمد على الحظ—خطط له من الآن! ❤️

#المشوار_ماقبل_الزواج
 #زواج_ناجح 
#بناء_مستقبل",,0,04/16/2025 13:28,N/A,https://www.facebook.com/Premarital.Counseling2025/posts/pfbid0hZrefSCyJT6RCjk6ivVwsxx4jrjgPWQVHWBwCbW5c1d2aoXc7bi2zoydEM4A1qXJl,0,0,Photos,,,,,Lifetime,0,221,54,53,0,1,20,20,,,,0,221,0,0,0,0,0,0,0,0,0,,,,,,,,,,,,,,,,,,,,,,,,,,,,,,,,,,,,,,,,,,,,,,,,,,,,,,,,,,,,,,,
1009,6.15528E+13,المشورة والفحص قبل الزواج ,"💍 برنامج المشورة قبل الزواج: مفتاح لحياة زوجية ناجحة! ❤️✨

الزواج ليس مجرد ارتباط، بل هو رحلة تحتاج إلى تخطيط واستعداد! 🎯 وهنا يأتي دور برنامج المشورة قبل الزواج، الذي يمنحك الأدوات اللازمة لحياة زوجية مستقرة وصحية من خلال التركيز على الجوانب الطبية، النفسية، والاجتماعية.

🔬 📌 الجانب الطبي: صحتك هي أساس حياتك الزوجية!
✅ التوعية الصحية حول الفحوصات الضرورية والأمراض الوراثية والمعدية.
✅ التقييم الصحي لاكتشاف المشكلات الصحية واتخاذ قرارات واعية بشأن الإنجاب.
✅ التثقيف الغذائي لضمان نمط حياة صحي يعزز الخصوبة والطاقة.
✅ التخطيط الأسري لفهم وسائل تنظيم الحمل وتأجيل الإنجاب بطريقة آمنة.
✅ التثقيف حول الأطفال لإعدادك لدور الأبوة والأمومة من اليوم الأول!

💡 💑 الجوانب النفسية والاجتماعية: لأن الزواج أكثر من مجرد حب!
✅ إدارة الخلافات بأساليب إيجابية لتجنب التصعيد والحفاظ على التفاهم.
✅ مهارات التواصل للتعبير عن المشاعر وفهم احتياجات الشريك بوضوح.
✅ التخطيط المالي والأدوار الأسرية لتحقيق الاستقرار وتقسيم المسؤوليات بذكاء.
✅ الذكاء العاطفي لفهم المشاعر والتحكم بها لتعزيز السعادة الزوجية.
🚀 لا تترك مستقبلك الزوجي للمجهول! اغتنم الفرصة لتتعلم كيف تبني حياة زوجية ناجحة وسعيدة من البداية. 💖

اكتشف كل التفاصيل في مقالنا الشامل الآن! 👇
🔗 https://thehealthgardens.com/ar/المشورة-ما-قبل-الزواج-مفتاح-الزواج-الس

#المشورة_قبل_الزواج
 #حياة_زوجية_ناجحة
 #الزواج_مسؤولية",,0,04/17/2025 11:52,N/A,https://www.facebook.com/Premarital.Counseling2025/posts/pfbid0a4DaezZz31vsXVsmNoz48PxokntEd5e4AEEFWFhLtKT9BegL7NNKdcHt4ijoKtuNl,0,0,Photos,,,,,Lifetime,0,313,53,51,0,2,23,11,1,,11,0,313,0,0,0,0,0,0,0,0,0,,,,,,,,,,,,,,,,,,,,,,,,,,,,,,,,,,,,,,,,,,,,,,,,,,,,,,,,,,,,,,,
1010,6.15528E+13,المشورة والفحص قبل الزواج ,"💍 قرارك اليوم يصنع مستقبلك غدًا! ⚕️💖

هل تخطط للزواج؟ تأكد أن صحتك وصحة شريك حياتك في أمان! الفحص قبل الزواج ليس مجرد إجراء روتيني، بل هو خطوة ذكية نحو زواج صحي ومستقبل آمن.

🔬 لماذا الفحص قبل الزواج ضروري؟
✅ الكشف المبكر عن الأمراض الوراثية مثل فقر الدم المنجلي والثلاسيميا.
✅ الوقاية من الأمراض المعدية مثل فيروس نقص المناعة البشرية (HIV) والتهاب الكبد.
✅ تفادي الأمراض المزمنة مثل السكري وارتفاع ضغط الدم.
✅ استشارات طبية متخصصة تساعدك على اتخاذ قرارات صحية مستنيرة.
✅ حماية الأبناء من انتقال الأمراض الوراثية وتعزيز صحتهم المستقبلية.

💡 الفحص قبل الزواج خطوة صغيرة لكنها تصنع فرقًا كبيرًا! لا تتردد—كن مسؤولًا عن مستقبلك ومستقبل عائلتك. ❤️ 

#الفحص_قبل_الزواج
 #حياة_زوجية_صحية
 #قرارك_بيدك",,0,04/18/2025 11:20,N/A,https://www.facebook.com/Premarital.Counseling2025/posts/pfbid02wTcDXVk1P49kmvZ9xqNVt8dRMXGopKHSSa7gqh9Q8s3DKmZMG9Egng4kb1LsPiLPl,0,0,Photos,,,,,Lifetime,0,347,43,39,2,2,12,11,1,,,0,347,0,0,0,0,0,0,0,0,0,,,,,,,,,,,,,,,,,,,,,,,,,,,,,,,,,,,,,,,,,,,,,,,,,,,,,,,,,,,,,,,
1011,6.15528E+13,المشورة والفحص قبل الزواج ,"💡 لو كان القرار بيدك...
هل تجعل الفحص الطبي قبل الزواج إلزامي؟ ⚖️🧬

👫 حياة زوجية سعيدة تبدأ بخطوة وعي!
🚨 أمراض وراثية؟ أمراض مزمنة؟ أمور لازم نعرفها قبل ما نقول ""نعم"" 💍

📣 رأيك يهمنا!
هل تؤيد الإلزام؟ ولماذا؟ شاركنا في التعليقات 👇

#خلينا_نسمعك
#الفحص_قبل_الزواج",,0,04/19/2025 12:00,N/A,https://www.facebook.com/Premarital.Counseling2025/posts/pfbid0VsZ24fYmCMaSvLk2VojoHHAetDgZwrSSorPxLdPWEPrf3FwULUUChHe3EfosZve5l,0,0,Photos,,,,,Lifetime,0,328,43,38,4,1,11,9,2,,,0,328,0,0,0,0,0,0,0,0,0,,,,,,,,,,,,,,,,,,,,,,,,,,,,,,,,,,,,,,,,,,,,,,,,,,,,,,,,,,,,,,,
1012,6.15528E+13,المشورة والفحص قبل الزواج ,"""الفحص الطبي قبل الزواج: قرار مسؤول يمهّد لحياة مستقرة وآمنة.""

في مشهد درامي توعوي بعنوان ""خطوة على طريق الطمأنينة""، نسلّط الضوء على أهمية الفحص الطبي قبل الزواج كأحد الركائز الأساسية لبناء أسرة صحية ومتماسكة.

من خلال حوار هادف يدور بين شابين مقبلين على الزواج وأخصائية صحية، يتم طرح أسئلة جوهرية:
📌ما أهمية الفحص الطبي قبل الزواج؟
📌كيف يمكن أن يؤثر في قرارات الشريكين؟
📌وما هو الدور الذي تلعبه التوعية في تجنب الأمراض الوراثية والمعدية؟

المشهد يقدم نموذجًا واقعيًا لما قد يواجهه المقبلون على الزواج عند اتخاذ قرارات مصيرية مبنية على الوعي والمعرفة.

ندعوكم لمتابعة هذا المشهد، والمشاركة في تعزيز ثقافة الفحص الطبي الوقائي بين الشباب.

#صحة_الأسرة
#الفحص_قبل_الزواج","""الفحص الطبي قبل الزواج: قرار مسؤول يمهّد لحياة مستقرة وآمنة.""

في مشهد درامي توعوي بعنوان ""خطوة على طريق الطمأنينة""، نسلّط الضوء على أهمية الفحص الطبي قبل الزواج كأحد الركائز الأساسية لبناء أسرة صحية ومتماسكة.

من خلال حوار هادف يدور بين شابين مقبلين على الزواج وأخصائية صحية، يتم طرح أسئلة جوهرية:
📌ما أهمية الفحص الطبي قبل الزواج؟
📌كيف يمكن أن يؤثر في قرارات الشريكين؟
📌وما هو الدور الذي تلعبه التوعية في تجنب الأمراض الوراثية والمعدية؟

المشهد يقدم نموذجًا واقعيًا لما قد يواجهه المقبلون على الزواج عند اتخاذ قرارات مصيرية مبنية على الوعي والمعرفة.

ندعوكم لمتابعة هذا المشهد، والمشاركة في تعزيز ثقافة الفحص الطبي الوقائي بين الشباب.

#صحة_الأسرة
#الفحص_قبل_الزواج",97,04/20/2025 12:00,auto,https://www.facebook.com/Premarital.Counseling2025/videos/1336198140990329/,1,0,Videos,,,,,Lifetime,0,800,120,93,23,4,80,80,,,,0,800,0,480,73,377,67,0,480,0,0,12975.241,12.44,0,0,0,147,82,66,114,23,19,2,13,,2,2,2,404,11,1,12,,,,16,6,5,4,4,3,3,2,1,1,1,1,1,1,1,1,1,,,,,,,,,,,,,,,,,,,,,,
1013,6.15528E+13,المشورة والفحص قبل الزواج ,Your Video,,91,04/20/2025 13:46,auto,https://www.facebook.com/reel/1424808582037931/,0,0,Reels,,,,,Lifetime,0,454,157,152,3,2,0,,,,,0,454,0,,,,,0,336,,,9493.914,14.255,0,,0,,,,,,,,,,,,,,,,,,,,,,,,,,,,,,,,,,,,,,,,,,,,,,,,,,,,,,,,,,
1014,6.15528E+13,المشورة والفحص قبل الزواج ,"💡قبل ما تبدأوا حياتكم مع بعض… اعملوا ""أذكى خطوة"" ممكن تضمن لكم مستقبل آمن!
  
برنامج الفحص قبل الزواج مش رفاهية… ده بوابة لحياة صحية، مستقرة، وخالية من المفاجآت المؤلمة 💔

📋 البرنامج بيشمل 6 محاور أساسية لازم تعرفها:

1️⃣ الفحوصات الوراثية 🧬  
2️⃣ فحوصات الأمراض المنقولة جنسيًا😷  
3️⃣ فحوصات الخصوبة👶  
4️⃣ تحاليل الدم الشاملة 💉  
5️⃣ تقييم الصحة العامة 🩺  
6️⃣ التقييم النفسي والاجتماعي 🧠💬

✅ كل نقطة فيهم بتجاوب على أسئلة مهمة… هل أنتم متوافقين صحيًا؟ هل في شيء ممكن يأثر على الخصوبة؟ هل في أمراض ممكن تنتقل للأبناء؟  

📲 اعرف التفاصيل الكاملة عن كل مكون من مكونات الفحص قبل الزواج👇
  
🔗 https://thehealthgardens.com/ar/برنامج-الفحص-الطبي-ما-قبل-الزواج/

 #ابدأ_صح 
#الصحة_الزوجية 
 #الفحص_قبل_الزواج",,0,04/21/2025 12:00,N/A,https://www.facebook.com/Premarital.Counseling2025/posts/pfbid02SWq745xSUvDVqHhusSKmCQSD2vDt2GWQ2TypuDimZEv3kT7w9BaWy3G23Q7SAkHnl,0,0,Photos,,,,,Lifetime,0,306,71,54,16,1,24,19,,,5,0,306,0,0,0,0,0,0,0,0,0,,,,,,,,,,,,,,,,,,,,,,,,,,,,,,,,,,,,,,,,,,,,,,,,,,,,,,,,,,,,,,,
1015,6.15528E+13,المشورة والفحص قبل الزواج ,"💡 هل يحمل حمضك النووي أسرارًا عن مستقبل أطفالك؟ 🔬💍
💡هل تعلم أن بعض الأمراض الوراثية قد لا تظهر عليك لكنها قد تنتقل إلى أطفالك؟ 🤔

الفحص الجيني قبل الزواج ليس مجرد اختبار… إنه استثمار في صحة الأجيال القادمة! 🏡❤️

🔬 الفحص الجيني قبل الزواج يساعدك على:
✅ الكشف المبكر عن الأمراض الوراثية مثل فقر الدم المنجلي، الثلاسيميا، والتليف الكيسي.
✅ اتخاذ قرارات إنجابية ذكية لتقليل المخاطر الصحية على الأبناء.
✅ التخطيط الصحي للأسرة عبر استشارة وراثية متخصصة.
✅ حماية الأجيال القادمة من الأمراض الوراثية المتنحية، خاصة في حالات زواج الأقارب.
💡 مع تطور تقنيات الفحص الجيني، أصبح بإمكانك التنبؤ بالمخاطر الوراثية بدقة والتخطيط لمستقبل صحي لأطفالك. لا تدع الاحتمالات تقرر عنك—كن أنت صاحب القرار!

📲 اعرف التفاصيل الكاملة فى هذة المقالة👇
🔗 https://thehealthgardens.com/الفحص-الجيني-قبل…ج-خطوة-هامة-لضما/

#الفحص_الجيني
 #الفحص_قبل_الزواج",,0,04/22/2025 13:50,N/A,https://www.facebook.com/Premarital.Counseling2025/posts/pfbid031D9wWSpAXuojySjUisKnT3UkRdNqwTrrryQnG3DZKBygiparM3YtKPAxBogJ2WMkl,0,0,Photos,,,,,Lifetime,0,290,68,64,3,1,35,28,,,7,0,290,0,0,0,0,0,0,0,0,0,,,,,,,,,,,,,,,,,,,,,,,,,,,,,,,,,,,,,,,,,,,,,,,,,,,,,,,,,,,,,,,
1016,6.15528E+13,المشورة والفحص قبل الزواج ,"قبل أن تقول ""نعم""... تأكد أنك تبدأ حياة صحية! 💍❤️

هل تعلم أن بعض الأمراض المنقولة جنسيًا (STDs) قد تكون بدون أعراض لكنها قد تؤثر على خصوبتك وصحة شريك حياتك؟ 🤔🔬

🔍 لماذا فحص الأمراض المنقولة جنسيًا مهم قبل الزواج؟
✅ الكشف المبكر عن العدوى الصامتة مثل الكلاميديا والسيلان التي قد تسبب العقم.
✅ الوقاية من الأمراض المزمنة مثل التهاب الكبد B و C، والتي قد تؤدي إلى مضاعفات خطيرة.
✅ حماية صحة شريكك المستقبلية من العدوى غير المكتشفة.
✅ التخطيط الآمن للإنجاب والحد من انتقال العدوى من الأم إلى الطفل.

💡 لا تدع المجهول يهدد سعادتك الزوجية! فحص بسيط اليوم يمكن أن يحمي مستقبلك ومستقبل عائلتك.

📲 اعرف التفاصيل الكاملة فى هذة المقالة👇
🔗  https://thehealthgardens.com/فحص-الأمراض-المنقولة-جنسيًا-قبل-الزوا/ ‎

#الفحص_قبل_الزواج 
#حياة_صحية",,0,04/23/2025 12:15,N/A,https://www.facebook.com/Premarital.Counseling2025/posts/pfbid02WqejLeJku2WxggFkUVsRvoFQ8hwxXcMkgVytbNAKAPh627nurQQNxRhgCF1JL6Zl,0,0,Photos,,,,,Lifetime,0,257,33,29,3,1,19,16,1,,2,0,257,0,0,0,0,0,0,0,0,0,,,,,,,,,,,,,,,,,,,,,,,,,,,,,,,,,,,,,,,,,,,,,,,,,,,,,,,,,,,,,,,
1017,6.15528E+13,المشورة والفحص قبل الزواج ,"💍 تحلم ببناء عائلة؟ تأكد أن الطريق ممهد منذ البداية! 👶❤️

القدرة على الإنجاب ليست مضمونة للجميع، لكنها يمكن تقييمها مبكرًا! اختبارات الخصوبة قبل الزواج تمنحك صورة واضحة عن صحتك الإنجابية وتساعدك على التخطيط الذكي للمستقبل. 🔬💡

🔍 لماذا فحص الخصوبة مهم؟
✅ للرجال: تحليل السائل المنوي للكشف عن عدد الحيوانات المنوية وحركتها وجودتها.
✅ للنساء: اختبارات الهرمونات مثل FSH وAMH لمعرفة احتياطي المبيض والصحة الإنجابية.
✅ فحوصات التصوير الطبي: للكشف عن أي مشكلات في الرحم أو قناتي فالوب قد تؤثر على الحمل.
✅ الكشف المبكر عن أي مشاكل قد تؤثر على الإنجاب، ما يسهل العلاج المبكر.
✅ تجنب القلق والضغوط المستقبلية واتخاذ قرارات إنجابية مستنيرة.

 اعرف التفاصيل الكاملة فى هذة المقالة 
   https://thehealthgardens.com/ar/اختبارات-الخصوبة-قبل-الزواج/
#فحوصات_الخصوبة
 #حياة_زوجية_صحية 
#الفحص_قبل_الزواج",,0,04/24/2025 12:00,N/A,https://www.facebook.com/Premarital.Counseling2025/posts/pfbid02FYa8qLsToNctyFa3W7FvxXLh3JKKXVptrffWGwngBG6qAficjqDJZQZaGmVMdnnYl,0,0,Photos,,,,,Lifetime,0,238,25,22,3,0,8,4,,,4,0,238,0,0,0,0,0,0,0,0,0,,,,,,,,,,,,,,,,,,,,,,,,,,,,,,,,,,,,,,,,,,,,,,,,,,,,,,,,,,,,,,,
1018,6.15528E+13,المشورة والفحص قبل الزواج ,"💉 جاهز للزواج؟ تأكد أن صحتك مستعدة أيضًا! 🩸💍

الزواج ليس مجرد مشاعر جميلة، بل هو التزام صحي وحياتي! الفحص قبل الزواج هو خطوتك الذكية نحو حياة زوجية مستقرة، حيث يساعدك على الكشف المبكر عن أي مشكلات صحية قد تؤثر على صحتك أو صحة شريك حياتك أو أطفالك في المستقبل. 🚀❤️

🔬 📌 نكمل رحلتنا مع الفحوصات ما قبل الزواج 
✅ 🔎 فحوصات الدم الأساسية:
🔸 فحص فصيلة الدم وعامل Rh لتجنب المضاعفات أثناء الحمل.
🔸 اختبار السكر في الدم للكشف عن السكري وتأثيره على الصحة الإنجابية.
🔸 تحليل وظائف الكبد والكلى لضمان صحة عامة سليمة.
🔸 الكشف عن الأمراض المزمنة والمعدية لحماية الزوجين من انتقال العدوى.
 اعرف التفاصيل الكاملة فى هذة المقالة 
   https://thehealthgardens.com/ar/الفحوصات-العامة-…ي-الفحص-قبل-الزو/ 

✅ 🔎 التقييم الصحي الشامل:
🔸 فحص القلب والرئتين وضغط الدم للتأكد من عدم وجود أمراض تؤثر على الحياة الزوجية.
🔸 تقييم التغذية والوزن وتأثيرها على الخصوبة والصحة العامة.
🔸 مراجعة التاريخ الطبي العائلي للكشف عن أي استعداد وراثي للأمراض.

 اعرف التفاصيل الكاملة فى هذة المقالة 
   https://thehealthgardens.com/ar/التقييم-الصحي-الشامل-قبل-الزواج/

💡 لماذا تنتظر؟ اكتشاف المشكلات الصحية مبكرًا يساعدك على التعامل معها بوعي، ويمنحك فرصة لبدء حياتك الزوجية بثقة وسلامة.

#الفحص_قبل_الزواج
#المشورة_قبل_الزواج
 #زواج_آمن",,0,04/25/2025 11:00,N/A,https://www.facebook.com/Premarital.Counseling2025/posts/pfbid02PVmNyyUcTzZzQbKKkn6DEhc5KfohjvSsRmAsL2QsUatT3roFYN4fXZzG6ohmxEPCl,0,0,Photos,,,,,Lifetime,0,384,51,39,11,1,36,26,,,10,0,384,0,0,0,0,0,0,0,0,0,,,,,,,,,,,,,,,,,,,,,,,,,,,,,,,,,,,,,,,,,,,,,,,,,,,,,,,,,,,,,,,
1019,6.15528E+13,المشورة والفحص قبل الزواج ,"💡 قبل أن تبدأ رحلتك الزوجية… هل أنت مستعد نفسيًا واجتماعيًا؟ 💍🧠

الزواج ليس مجرد حب ومشاركة، بل مسؤولية نفسية واجتماعية تحتاج إلى وعي واستعداد! 🏡❤️ الفحص النفسي والاجتماعي قبل الزواج هو مفتاحك لعلاقة مستقرة وسعيدة تدوم مدى الحياة.

🔍 ماذا يكشف الفحص النفسي والاجتماعي؟
✅ 🧠 التقييم النفسي:
🔸 الكشف عن الصحة النفسية لتحديد أي اضطرابات قد تؤثر على العلاقة.
🔸 اختبار الشخصية والذكاء العاطفي لمعرفة مدى التوافق بين الشريكين.
🔸 تقييم مهارات حل النزاعات والتواصل لضمان علاقة متينة ومستقرة.
✅ 👥 التقييم الاجتماعي:
🔸 معرفة الخلفية الأسرية والتوقعات الزوجية وتأثيرها على الحياة المشتركة.
🔸 فهم القيم الثقافية والدينية ومدى انسجامها بين الشريكين.
🔸 تقييم الإدارة المالية والتخطيط الأسري لتجنب المشاكل المستقبلية.

💡 لماذا هذا الفحص ضروري؟
✔️ يعزز التفاهم العاطفي والتواصل الفعّال بين الزوجين.
✔️ يساعد في تجنب الخلافات ويقلل من احتمالية الطلاق.
✔️ يمنحك رؤية أوضح عن نفسك وشريك حياتك، مما يسهم في زواج أكثر استقرارًا وسعادة.

🚀 الزواج رحلة تحتاج إلى وعي واستعداد… لا تبدأها دون التأكد من جاهزيتك النفسية والاجتماعية! 💖

 اعرف التفاصيل الكاملة فى هذة المقالة 
 https://thehealthgardens.com/ar/الفحص-النفسي-والاجتماعي-قبل-الزواج/
#الفحص_قبل_الزواج 
#المشورة_قبل_الزواج",,0,04/26/2025 11:02,N/A,https://www.facebook.com/Premarital.Counseling2025/posts/pfbid02cPkFFHJ8i5cYypxQ36Lag3mxCnQePMsWj9Rc9orBkt81aKX5NbezBGRv6jj1m3c5l,0,0,Photos,,,,,Lifetime,0,264,28,25,2,1,11,9,,,2,0,264,0,0,0,0,0,0,0,0,0,,,,,,,,,,,,,,,,,,,,,,,,,,,,,,,,,,,,,,,,,,,,,,,,,,,,,,,,,,,,,,,
1020,6.15528E+13,المشورة والفحص قبل الزواج ,"نتائجك مطمئنة... لكن لحظة! لازم نفهم أكتر!

تخيل تكون قاعد في غرفة استشارة مريحة... الأوراق مرتبة، الأجواء هادئة... وتسمع جملة:
""نتائجكم كويسة جدًا، بس خلينا نوضح مع بعض بعض النقاط...""

وهنا تبدأ القصة!
هل معنى ""مطمئنة"" يعني كل شيء بخير تمامًا؟ أم أن هناك تفاصيل مهمة لازم تعرفها قبل ما تطمئن تمامًا؟

في هذا المشهد الواقعي والمؤثر:
نتابع حوار مليء بالمشاعر بين الأمل والتساؤلات.
نكتشف الفرق بين ظهور الجينات وظهور المرض.
نفهم أهمية المتابعة الدقيقة مع المتخصصين.

لأن الوعي أهم من التطمين اللحظي.
جهز قلبك وعقلك... وشوف كيف المعرفة بتعطيك قوة وراحة حقيقية.
#الامراض_الوراثية
#الفحص_قبل_الزواج
#المشورة_قبل_الزواج","نتائجك مطمئنة... لكن لحظة! لازم نفهم أكتر!

تخيل تكون قاعد في غرفة استشارة مريحة... الأوراق مرتبة، الأجواء هادئة... وتسمع جملة:
""نتائجكم كويسة جدًا، بس خلينا نوضح مع بعض بعض النقاط...""

وهنا تبدأ القصة!
هل معنى ""مطمئنة"" يعني كل شيء بخير تمامًا؟ أم أن هناك تفاصيل مهمة لازم تعرفها قبل ما تطمئن تمامًا؟

في هذا المشهد الواقعي والمؤثر:
نتابع حوار مليء بالمشاعر بين الأمل والتساؤلات.
نكتشف الفرق بين ظهور الجينات وظهور المرض.
نفهم أهمية المتابعة الدقيقة مع المتخصصين.

لأن الوعي أهم من التطمين اللحظي.
جهز قلبك وعقلك... وشوف كيف المعرفة بتعطيك قوة وراحة حقيقية.
#الامراض_الوراثية
#الفحص_قبل_الزواج
#المشورة_قبل_الزواج",81,04/27/2025 11:13,auto,https://www.facebook.com/Premarital.Counseling2025/videos/1391005098605475/,0,0,Videos,,,,,Lifetime,925,52673,121,104,14,3,1338,1335,,3,,925,604,52247,27512,862,22348,862,27182,330,0,0,346815.963,4.907,0,0,0,10408,6241,6772,2038,1243,527,69,34,23,24,27,26,27452,2,,,1,,,1,,3,,5,2,2,,1,,,,,,,,,,,,,,,,23,3,2,2,2,2,1,1,1,1,1,1,1,1,1
1021,6.15528E+13,المشورة والفحص قبل الزواج ,"🌍 هل تعلم أن الأمراض الوراثية تصيب ملايين الأشخاص حول العالم؟
كل حالة تروي قصة... وكل قصة تبدأ بوعي أكبر!

🔬 من الثلاسيميا إلى التليف الكيسي، ومن متلازمة داون إلى ضمور العضلات الشوكي...
لكل مرض وراثي أرقام صادمة تستحق أن نتوقف عندها ونسعى لنشر الوعي عنها.

📈 تعرّف أكثر على مدى انتشار الأمراض الوراثية عالميًا، وأهمية الفحص المبكر ودور الاستشارات الوراثية في حماية الأجيال القادمة.

لا تدع المعلومة تتوقف عندك! 🌱 شارك البوست وساهم بنشر الوعي.

#الأمراض_الوراثية 
 #الفحص_قبل_الزواج 
#المشورة_قبل_الزواج",,0,04/28/2025 13:25,N/A,https://www.facebook.com/Premarital.Counseling2025/posts/pfbid034sTaFCNwSf9jjS2aowvLJVesSES6PckKmPQV5WPoZyH9Goo98UrJ9yg69y3y8irRl,0,0,Photos,,,,,Lifetime,0,169,25,24,1,0,8,6,2,,,0,169,0,0,0,0,0,0,0,0,0,,,,,,,,,,,,,,,,,,,,,,,,,,,,,,,,,,,,,,,,,,,,,,,,,,,,,,,,,,,,,,,
1022,6.15528E+13,المشورة والفحص قبل الزواج ,"🧬 الأمراض الوراثية… صامتة لكنها تغيّر الحياة!

هل تعتقد أن الوراثة مجرد ملامح نرثها؟ 🤔 أحيانًا تورّث لنا تحديات صحية معقّدة مثل التليف الكيسي والثلاسيميا!

🩺 التليف الكيسي: مرض وراثي يسبب مخاطًا كثيفًا يهاجم الرئتين والجهاز الهضمي… لكن بفضل العلاج الجيني وتقنيات CRISPR، الأمل بالشفاء أصبح أقرب من أي وقت مضى!

📖  اكتشف المزيد عن التليف الكيسي من خلال رابط المقالة المرفق 
https://thehealthgardens.com/التليف-الكيسي/

🩸 الثلاسيميا: اضطراب دم وراثي يجعل الجسم عاجزًا عن حمل الأكسجين… فهل يكون العلاج الجيني هو الحل لإنهاء معاناة نقل الدم؟

📖 اقرأ كل ما تحتاج معرفته عن الثلاسيميا من خلال رابط المقالة المرفق 
 https://thehealthgardens.com/الثلاسيميا/
🚀 التوعية والفحص الجيني هما خط الدفاع الأول لصحة الأجيال!

#الأمراض_الوراثية 
#التليف_الكيسي
 #الثلاسيميا 
#الفحص_قبل_الزواج
#المشورة_قبل_الزواج",,0,04/30/2025 10:45,N/A,https://www.facebook.com/Premarital.Counseling2025/posts/pfbid02yjkaiiyJhyJk6EpwyaicpJ2c1TutAvtiKPmAUDfSfDqinRvmNxksnW2GGvTgwn3Fl,0,0,Photos,,,,,Lifetime,0,185,36,30,5,1,24,16,3,,5,0,185,0,0,0,0,0,0,0,0,0,,,,,,,,,,,,,,,,,,,,,,,,,,,,,,,,,,,,,,,,,,,,,,,,,,,,,,,,,,,,,,,
1023,6.15528E+13,المشورة والفحص قبل الزواج ,"هل سمعت عن أمراض الدم الجينية التي قد تهدد الحياة بصمت؟

تعرف على الهيموفيليا وفقر الدم المنجلي… حالتان مختلفتان، لكنهما تشتركان في الألم، التحديات، والأمل في العلاج.
🩸 الهيموفيليا: نزيف لا يتوقف، حتى من إصابة بسيطة!
💔 فقر الدم المنجلي: خلايا دم مشوهة تسبب ألمًا مبرحًا ونقصًا حادًا في الأكسجين!
🌟 لحسن الحظ، العلاج الجيني أصبح أملًا جديدًا يلوح في الأفق.

📖 اقرأ مقالنا الشامل واكتشف:
✅ ما هي أخطر المضاعفات التي لا يعرفها الكثيرون؟
✅ هل هناك علاج جذري؟
✅ كيف يمكن للتشخيص المبكر أن يُغيّر كل شيء؟
📲 اقرأ الآن وشارك التوعية 👇
🔗 https://thehealthgardens.com/blog/
#التوعية_الوراثية
#الهيموفيليا
#فقر_الدم_المنجلى
#الفحص_قبل_الزواج
#المشورة_قبل_الزواج",,0,05/02/2025 11:05,N/A,https://www.facebook.com/Premarital.Counseling2025/posts/pfbid0uZrSiGmme5cFyJTnD4ofRoDidKG7BBtMRtdJyqDxjLmJzMXBfc2cdqvPbZz41h4Fl,0,0,Photos,,,,,Lifetime,0,125,28,25,2,1,13,11,,,2,0,125,0,0,0,0,0,0,0,0,0,,,,,,,,,,,,,,,,,,,,,,,,,,,,,,,,,,,,,,,,,,,,,,,,,,,,,,,,,,,,,,,
1024,6.15528E+13,المشورة والفحص قبل الزواج ,"⚠️ هل يمكن لطبق فول أو قطعة بروتين أن تغيّر مستقبل أسرتك؟

نعم، وقد تكون البداية في لحظة لا تتوقّعها!

إذا كنت مقبلًا على الزواج، فهناك معلومة طبية قد تُحدث فرقًا كبيرًا في حياتك وحياة أبنائك.

🧬 هل سمعت من قبل عن:
🔹 **الفينيل كيتونوريا (PKU):**
اضطراب وراثي نادر يمنع الجسم من تكسير حمض أميني موجود في الطعام، مما يؤدي إلى تراكمه في الدم، ويسبب تلفًا خطيرًا في الدماغ منذ الأشهر الأولى من حياة الطفل.

🔹 **أنيميا الفول (نقص G6PD):**
مرض يجعل كريات الدم الحمراء هشة للغاية، وتتكسر بعد تناول الفول أو بعض الأدوية. وقد يُصاب به الطفل دون أن يظهر أي عرَض على الأبوين!

🚫 هل تعلم أن كثيرًا من الأزواج يكتشفون هذه الأمراض بعد فوات الأوان؟
✅ لكن الفحص الوراثي والتثقيف المسبق قادر على تغيير كل ذلك.

📚 في هذا المقال:
✔️ شرح مبسّط لهذه الأمراض
✔️ أعراضها وطرق انتقالها
✔️ كيفية الوقاية منها قبل الزواج
✔️ توصيات تساعدك على اتخاذ قرار واثق لحياة أسرية سليمة

🎯 لا تؤجّل أهم معلومة في حياتك الزوجية القادمة.
اقرأ الآن، واحمِ مستقبلك ومستقبل أبنائك 👇
🔗https://thehealthgardens.com/blog/
 #الأمراض_الوراثية
 #الفحص_قبل_الزواج 
 #المشورة_قبل_الزواج",,0,05/03/2025 10:00,N/A,https://www.facebook.com/Premarital.Counseling2025/posts/pfbid02is6qwrKXWu4rymjajGRtdCEEHg6rYhrXrMw4XzHKRYY9uNbCcEAJ3k11coVZ1rT4l,0,0,Photos,,,,,Lifetime,0,113,22,21,1,0,5,5,,,,0,113,0,0,0,0,0,0,0,0,0,,,,,,,,,,,,,,,,,,,,,,,,,,,,,,,,,,,,,,,,,,,,,,,,,,,,,,,,,,,,,,,
1025,6.15528E+13,المشورة والفحص قبل الزواج ,"🧬 هل يمكن للعلم أن يُغيّر مصير أطفالنا؟

بين متلازمة داون وضمور العضلات الشوكي… حقائق طبية لا بد أن يعرفها كل شاب وفتاة قبل الزواج!

💍 هل تخطط للزواج؟ إذن، لا بد أن تكون هذه المعلومة جزءًا من وعيك:
📌 بعض الاضطرابات الوراثية قد لا تظهر في العائلة، لكنها تُولد مع الطفل… وتغير مجرى الحياة للأبد!

🔬 1) متلازمة داون:
تحدث نتيجة وجود نسخة إضافية من الكروموسوم 21، وتُعد من أكثر الحالات الجينية شيوعًا.
✔️ يمكن تشخيصها قبل الولادة من خلال فحوصات دقيقة.
✔️ التدخل المبكر والعلاج السلوكي والتعليمي يُحدثان فارقًا كبيرًا.
🧬 وهناك أبحاث واعدة باستخدام تقنية CRISPR لتقليل تأثير الكروموسوم الزائد!
🔗 رابط المقال – احمِ صحتك وصحة من تُحب
 https://thehealthgardens.com/متلازمة-داون/

🔬 2) ضمور العضلات الشوكي (SMA):
مرض وراثي نادر يسبب ضعفًا تدريجيًا في العضلات، ويُعد من أخطر أمراض الطفولة.
✔️ سببه طفرة في جين SMN1 المسؤول عن حماية الخلايا العصبية الحركية.
✔️ العلاجات الحديثة مثل Zolgensma® – وهو علاج جيني بجرعة واحدة – تمنح الأمل لحياة شبه طبيعية!

⚠️ لماذا هذا مهم لك قبل الزواج؟
لأن الفحص الوراثي والمشورة الجينية قد تكون الفرق بين طفل سليم وآخر يُولد مع حالة صحية معقّدة.

📖 اقرأ المقال الشامل الآن، وافتح نافذة على مستقبل طبي دقيق ومبني على وعي حقيقي.
https://thehealthgardens.com/ضمور-العضلات-الشوكي/ ‎
 #متلازمة_داون 
#ضمور_العضلات_الشوكى
 #التوعية_الوراثية 
 #الفحص_قبل_الزواج
 #المشورة_قبل_الزواج",,0,05/04/2025 12:00,N/A,https://www.facebook.com/Premarital.Counseling2025/posts/pfbid0YVaCvn93VCMc6Zng9bm8Kg248iPav5cmCwdcEpZMkv9PZQcTd9rGoo4wsJ78jgZol,0,0,Photos,,,,,Lifetime,0,119,32,28,4,0,10,10,,,,0,119,0,0,0,0,0,0,0,0,0,,,,,,,,,,,,,,,,,,,,,,,,,,,,,,,,,,,,,,,,,,,,,,,,,,,,,,,,,,,,,,,
1026,6.15528E+13,المشورة والفحص قبل الزواج ,الامراض المنقولة جنسيا,"🧬 ""هل يمكن لمرض خفي أن يغيّر مصير زواجك؟""
في غرفة الاستشارة… كان السؤال بسيطًا، لكن الإجابة غيّرت كل شيء!

💔 أمراض منقولة دون أعراض…
🧪 فحوصات قد تبدو مخيفة، لكنها السبيل الوحيد للبداية الصحيحة.
💬 ""حتى من غير أعراض؟!""
🤝 ""نعم، والوعي هو حمايتك.""

🎯 في هذا المشهد الواقعي والمليء بالمصارحة، يكشف لنا الحوار بين لينا، أسامة، والأخصائية إيمان عن أهمية الفحص قبل الزواج، ليس فقط من أجل الوراثة… بل لحماية الشريك، والبيت، والحياة القادمة.

✨ مشهد سيُشعرك بالطمأنينة… ويُجيب عن أسئلة كنت تخشى أن تطرحها!

📺 شاهد الآن: الوعي طريق الأمان

#الأمراض_المنقولة_جنسيا
#الفحص_قبل_الزواج 
#المشورة_قبل_الزواج",88,05/05/2025 11:00,auto,https://www.facebook.com/Premarital.Counseling2025/videos/1203570584572922/,1,0,Videos,,"Premarital Counseling by Dr.Narges Fathi, amination Video",,,Lifetime,580,9083,54,43,10,1,137,137,,,,580,291,8783,3259,118,2984,117,3044,215,0,0,47539.723,5.089,0,0,0,1421,620,798,300,50,24,8,10,3,4,4,,3207,,1,2,,,,2,,5,,31,1,3,2,,,,1,,,,,,3,1,,,,,,,,,,,,,,,,,,,,
1027,6.15528E+13,المشورة والفحص قبل الزواج ,"💡 معلومة يمكن أن تغيّر حياتك!

قبل الزواج، في أمراض خطيرة ممكن تكون موجودة وانت مش حاسس بأي أعراض 😱
لكنها ممكن تنتقل لشريك حياتك وتسبب مشاكل صحية كبيرة!

📌 علشان كده، **الفحص ما قبل الزواج** مهم جدًا، وخصوصًا للكشف عن:
🔸 فيروس نقص المناعة (HIV)
🔸 التهاب الكبد B وC
🔸 الزهري
🔸 الكلاميديا
🔸 السيلان
🔸 الهربس التناسلي

🧪 الفحص بسيط، والنتائج ممكن تنقذك وتنقذ شريكك من مستقبل صحي صعب!

✅ معظم هذه الأمراض قابلة للكشف المبكر والعلاج لو اتخذت القرار الصح في الوقت الصح.

🧠 خليك مسؤول من البداية... صحتك أولوية قبل أي خطوة.

📲 تعرف على المزيد من هنا:
(https://thehealthgardens.com/blog/)

🚀 انشرها بين أصحابك... التوعية مسؤوليتنا كلنا!

#الأمراض_المنقولة_جنسيا 
 #الفحص_قبل_الزواج 
#المشورة_قبل_الزواج",,0,05/06/2025 10:00,N/A,https://www.facebook.com/Premarital.Counseling2025/posts/pfbid02ygFs31BRAERVPQzzvaU2rEse7EZfr8rThsexs9G5xS3NLYkXdtjdasEJV8zUB8Vnl,0,0,Photos,,,,,Lifetime,0,138,32,26,5,1,19,17,2,,,0,138,0,0,0,0,0,0,0,0,0,,,,,,,,,,,,,,,,,,,,,,,,,,,,,,,,,,,,,,,,,,,,,,,,,,,,,,,,,,,,,,,
1028,6.15528E+13,المشورة والفحص قبل الزواج ,"⚠️ الأمراض الفيروسية المنقولة جنسيًا: 3 تهديدات... و3 فرص للحماية والشفاء!

في عالم سريع الاتصال، تظل الوقاية من الأمراض المنقولة جنسيًا ضرورة قصوى. إليك ثلاث فيروسات خطيرة يجب أن تعرف عنها أكثر، وطرق الحماية والعلاج المتاحة اليوم.

 🦠 1. فيروس نقص المناعة البشرية (HIV): هل اقتربنا من العلاج النهائي؟
HIV يهاجم الجهاز المناعي، وإذا لم يُعالج، قد يتطور إلى الإيدز (AIDS). لكن العلاجات الحديثة مثل ART، والوقاية باستخدام PrEP، تغيّر قواعد اللعبة!
👇 اعرف أكثر عن الأعراض، طرق الانتقال، الوقاية، وآخر تطورات العلاج الجيني:
🔗 [اقرأ المقال العلمى من خلال الرابط المرفق]
 https://thehealthgardens.com/فيروس-نقص-المناعة-البشرية/

🦠 2. التهاب الكبد B وC: أمراض كبدية مزمنة يمكن السيطرة عليها!
يصيبان الكبد بصمت، ويشكلان خطرًا بالتليف أو السرطان إن لم يتم علاجهما.
الخبر السار؟ أدوية التهاب الكبد C تعالج 99% من الحالات، ولقاح B فعّال جدًا في الوقاية.
 https://thehealthgardens.com/التهاب-الكبدى-7-طرق-للوقايه-منه/

 
⚠️ 3. الهربس التناسلي: الفيروس الخفي الذي يبقى معك مدى الحياة!
ينتقل حتى بدون ظهور أعراض، ويظل كامنًا داخل الجسم.
لا يوجد علاج نهائي، لكن الأدوية تساعد في تقليل الأعراض والعدوى.
👇 تعرف على طرق التشخيص، التعامل مع النوبات، والحماية الفعّالة:
🔗 [اقرأ المقال العلمى من خلال الرابط المرفق ]
 https://thehealthgardens.com/الهربس-التناسلي-…حتاج-معرفته-عن-ا/

🛡️ الوقاية خير من العلاج . لا تبدأ حياة زوجية جديدة دون فحص. صحتك وصحة شريكك تستحقان هذه الخطوة.

#الأمراض_المنقولة_جنسيًا
 #الايدز
#التهاب_الكبد
 #الهربس_التناسلي
 #الفحص_قبل_الزواج 
#المشورة_قبل_الزواج",,0,05/07/2025 12:00,N/A,https://www.facebook.com/Premarital.Counseling2025/posts/pfbid02iqgXQT9ZHgiYrSFjSnLWJzVqpGQPRLTJXeDrGbN5LZiE9uGm1fP4gtgj9K2oxizFl,0,0,Photos,,,,,Lifetime,0,113,35,27,8,0,18,18,,,,0,113,0,0,0,0,0,0,0,0,0,,,,,,,,,,,,,,,,,,,,,,,,,,,,,,,,,,,,,,,,,,,,,,,,,,,,,,,,,,,,,,,
1029,6.15528E+13,المشورة والفحص قبل الزواج ,"⚠️ 3 أمراض بكتيرية منقولة جنسيًا… قد لا تشعر بها، لكنها تؤثر على صحتك وحياتك الزوجية!

قبل الزواج، الفحص الطبي والمشورة الصحية خطوة لا غنى عنها. بعض العدوى لا تُظهر أعراضًا مبكرًا، لكنها قد تسبب مضاعفات خطيرة لاحقًا مثل العقم أو مشاكل في القلب والمناعة.

🦠 1. الزهري
بكتيريا تنتقل عبر العلاقة الجنسية. تبدأ بقرحة غير مؤلمة، وإن لم تُعالج قد تصل للقلب أو الدماغ.
✅ حقنة بنسلين كافية في المرحلة المبكرة.

🔗 اقرأ التفاصيل من خلال اللينك المرفق
 https://thehealthgardens.com/مرض-الزهرى/

🦠 2. السيلان
عدوى تصيب الأعضاء التناسلية، الحلق أو المستقيم. أحيانًا بلا أعراض، لكنها قابلة للعلاج بالمضادات الحيوية.
⚠️ بعض السلالات مقاومة للعلاج، لذا التشخيص المبكر ضروري.

🔗 اطّلع على الأعراض والعلاج من خلال اللينك المرفق
 https://thehealthgardens.com/السيلان/
🦠 3. الكلاميديا
تُعرف بالعدوى ""الصامتة""، وقد تسبب العقم إن تُركت دون علاج.
✅ العلاج بسيط، لكن التأخير خطير.

🔗 اكتشف المزيد من خلال اللينك المرفق
 https://thehealthgardens.com/الكلاميديا/

🛡️ الفحص قبل الزواج يحميك ويحمي شريك حياتك.ابدأ زواجك بأمان

 #الكلاميديا
 #الزهري 
#السيلان 
 #الأمراض_المنقولة_جنسيا 
#الفحص_قبل_الزواج 
#المشورة_قبل_الزواج",,0,05/08/2025 11:00,N/A,https://www.facebook.com/Premarital.Counseling2025/posts/pfbid0TSLv6cgApL9DNRRL8iPbMZhxWrHtr4p9C38ehe2P7J6GqYxiKnEG5ngDE1sU8sZLl,0,0,Photos,,,,,Lifetime,0,262,25,19,6,0,14,7,,,7,0,262,0,0,0,0,0,0,0,0,0,,,,,,,,,,,,,,,,,,,,,,,,,,,,,,,,,,,,,,,,,,,,,,,,,,,,,,,,,,,,,,,
1030,6.15528E+13,المشورة والفحص قبل الزواج ,"💉 هل فكرت يومًا أن التطعيمات قد تحمي زواجك؟
قبل ما تبدأوا حياة جديدة، في خطوة صحية ممكن تحميكم أنتم وطفلكم من أمراض خطيرة زي:
✔️ التهاب الكبد B
✔️ الحصبة الألمانية
✔️ التيتانوس
✔️ فيروس الورم الحليمي البشري (HPV)
👩‍⚕️ التطعيمات الأساسية ضمن فحص ما قبل الزواج مش بس إجراء روتيني، دي استثمار في مستقبل صحي وآمن.
ابدأوا علاقتكم بأمان صحي… لأن الوقاية بتبدأ قبل أول خطوة في الحياة الزوجية. 💑🛡️
📲 اكتشف كل التفاصيل في المقال الكامل:
🔗  https://thehealthgardens.com/التطعيمات-الأساس…فحوصات-ما-قبل-ال/

 #اللقاحات_الوقائية 
#فحص_ما_قبل_الزواج
#المشورة_قبل_الزواج",,0,05/09/2025 05:01,N/A,https://www.facebook.com/Premarital.Counseling2025/posts/pfbid031sNt49LBcyZFYKCBdXHB4QEqQDt1HJiFw34BHwmneoPxvg1voNDDDfeQ9vRj4n8Al,0,0,Photos,,,,,Lifetime,0,105,21,16,5,0,8,6,1,,1,0,105,0,0,0,0,0,0,0,0,0,,,,,,,,,,,,,,,,,,,,,,,,,,,,,,,,,,,,,,,,,,,,,,,,,,,,,,,,,,,,,,,
1031,6.15528E+13,المشورة والفحص قبل الزواج ,"❤️‍🩹 أمراض القلب الوراثية مش بتسأل عن الحب... بتحتاج وعي!

قد يكون القلب سليمًا… لكن الجينات تحمل قصة مختلفة.
👰🤵 قبل أن تبدأ حياتك مع شريكك، تأكد أن قلوبكم لا تخفي أسرارًا وراثية.
الفحص والمشورة قبل الزواج ليست فقط لتحليل الدم والأمراض المعدية،
بل قد تحميكما من أمراض قلبية موروثة – صامتة، لكنها مميتة أحيانًا!

🔍 إليك بعض من أخطر الأمراض الوراثية التي قد تنتقل عبر الزواج للأبناء أو تهدد أحد الزوجين مستقبلاً:
اعتلال عضلة القلب الضخامي 
هل هناك حالات وفاة مفاجئة في العائلة؟
💥 هذا المرض قد يورث ويظهر فجأة في الأبناء
📖 رابط المقالة
  https://thehealthgardens.com/اعتلال-عضلة-القل…خامي-القاتل-الصا/

اعتلال عضلة القلب التوسعي 
تعب مزمن دون سبب؟ راجع التاريخ العائلي.
🧬 غالبًا ما يُورث ويظهر في مراحل لاحقة
📖 رابط المقالة
 https://thehealthgardens.com/اعتلال-عضلة-القل…سعي-من-الأعراض-ا/ ‎

اعتلال عضلة القلب اليمنى 
🏃‍♂️ هل في العائلة حالات وفاة عند المجهود أو في سن الشباب؟
📖 رابط المقالة
 https://thehealthgardens.com/اعتلال-عضلة-القل…منى-المسبب-لاضطر/

💬 الحل؟ بسيط جدًا:
✅ تحدث مع الطبيب عن التاريخ العائلي
✅ واطلب الفحص الجيني والمشورة قبل الزواج إذا كنت تشك بوجود تاريخ مرضي

📌 اقرأ الأساسيات أولًا:
🔗 ما هي أمراض القلب الوراثية؟ ولماذا يجب أن نهتم؟

 https://thehealthgardens.com/ما-هي-أمراض-القل…اثية؟-ولماذا-يجب/

🔁 انتظرنا في الجزء الثاني… 3 أمراض أخرى خطيرة لا تقل أهمية، منها ما يظهر على شكل ارتفاع كوليسترول أو تمدد بالشريان الأورطي دون أعراض.

 #أمراض_القلب_الوراثية
 #صحة_القلب 
#فحص_قبل_الزواج
#المشورة_قبل_الزواج",,0,05/10/2025 11:00,N/A,https://www.facebook.com/Premarital.Counseling2025/posts/pfbid02rk9Qz1tLk7Vje8oFLRs3ECnUcC2LKKZ7sqgB44ju3PrrWzWXwfJX9VxVXmNxfPJ8l,0,0,Photos,,,,,Lifetime,0,230,38,25,12,1,15,7,2,,6,0,230,0,0,0,0,0,0,0,0,0,,,,,,,,,,,,,,,,,,,,,,,,,,,,,,,,,,,,,,,,,,,,,,,,,,,,,,,,,,,,,,,
1032,6.15528E+13,المشورة والفحص قبل الزواج ,"💔 هل يمكن أن ترث الخطر دون أن تعرف؟

بعض أمراض القلب الوراثية لا تظهر بأي أعراض... حتى يقع المحظور.
في الجزء الأول، تحدثنا عن 3 أمراض قلبية وراثية خطيرة.

واليوم نستكمل بقية القائمة — أمراض قد تهدد حياتك أو تنتقل إلى أطفالك دون سابق إنذار.

اضطرابات كهرباء القلب الوراثية
إغماءات؟ موت مفاجئ في النوم أو التمرين؟
⚡ قد تكون جينات غير مستقرة تنتظر التفعيل
📖 رابط المقالة
https://thehealthgardens.com/اضطرابات-نظم-الق…وراثية-الموت-الم/

فرط كوليسترول الدم العائلي 
🧠 هل هناك ارتفاع شديد بالكوليسترول من الطفولة؟
📖 تفاصيل الحالة
https://thehealthgardens.com/فرط-كوليسترول-ال…عائلي-الخطر-الصا/ ‎

تمدد الشريان الأورطي العائلي 
💣 هذا التمدد قد لا يُكتشف إلا بعد فوات الأوان… وقد يكون قاتلًا.
📖 اقرأ المقال

💬 ما الحل؟
✅ الفحص الجيني قبل الزواج مهم جدًا في العائلات التي لديها تاريخ مرضي
✅ لا تتردد في طلب مشورة من طبيب متخصص في الوراثة القلبية
📌 اكتشف لماذا الفحص الجيني قبل الزواج أصبح خط الدفاع الأول ضد هذه الأمراض:
🧬  https://thehealthgardens.com/الفحص-قبل-الزواج…لاج-الجيني-لأمرا/

🌱 قراراتك اليوم قد تحمي أطفالك غدًا.
🔁 شارك هذه السلسلة مع من تحب… وكن سببًا في إنقاذ حياة ❤️

#أمراض_القلب_الوراثية
 #صحة_القلب 
#فحص_قبل_الزواج
#المشورة_قبل_الزواج",,0,05/11/2025 12:01,N/A,https://www.facebook.com/Premarital.Counseling2025/posts/pfbid02kjYh56mjPQeoTnm6VTNP569bgcTXou3qNhjPFW2vG4E3UsbxrsNStrCrFak31bmFl,0,0,Photos,,,,,Lifetime,0,81,17,14,3,0,6,5,,,1,0,81,0,0,0,0,0,0,0,0,0,,,,,,,,,,,,,,,,,,,,,,,,,,,,,,,,,,,,,,,,,,,,,,,,,,,,,,,,,,,,,,,
1033,6.15528E+13,المشورة والفحص قبل الزواج ,"🍎 جاهز للزواج؟ تأكد أن جسمك كمان جاهز!
التحضير لحياة زوجية ناجحة مش بس مشاعر وتحضيرات…
بل كمان ""وقود صحي"" يشغل جسمك وهرموناتك بالطريقة الصح 💪
🧬 التغذية الذكية قبل الزواج = خصوبة أفضل، حمل صحي، وطاقة لحياة مشتركة طويلة.
📌 الصورة دي بتلخّص لك أهم عناصر ""النظام الغذائي الذكي قبل الزواج"" ⬇
من الأكل المفيد، للممنوعات، لنصائح نمط الحياة.
ابدأ بالتغيير من دلوقتي... صحتك اليوم هي استثمار في أسرتك غدًا. 💑
📖 اقرأ المقال الكامل هنا: [رابط المقال]
https://thehealthgardens.com/النظام-الغذائي-ا…قبل-الزواج-استثم/

#التغذية_قبل_الزواج 
#غذاء_ذكي
#المشورة_قبل_الزواج",,0,05/12/2025 11:00,N/A,https://www.facebook.com/Premarital.Counseling2025/posts/pfbid02LdmTzPZP2N57MJbP9N1Y2yFPetbMFXoRJsu3qzYb6EyXo4U38uBW8hjdDTDRkVqil,0,0,Photos,,,,,Lifetime,0,101,25,22,3,0,13,11,1,,1,0,101,0,0,0,0,0,0,0,0,0,,,,,,,,,,,,,,,,,,,,,,,,,,,,,,,,,,,,,,,,,,,,,,,,,,,,,,,,,,,,,,,
1034,6.15528E+13,المشورة والفحص قبل الزواج ,"🎯 خططوا لحياة متزنة من أول خطوة!

🔹 لماذا يختار الأزواج الأذكياء تأجيل الحمل في بداية الزواج؟
وسائل منع الحمل ليست مجرد وسيلة طبية، بل قرار استراتيجي لبناء عائلة قوية.

✨ في هذا المقال العلمي: 
💡 تعرّفوا على وسائل منع الحمل المناسبة لأول سنة
💡 متى نستخدم الحبوب؟ ومتى نلجأ للطرق الطبيعية؟
💡 ما هي المدة المثالية بين الأطفال؟
💡 هل تؤثر هذه الوسائل على الخصوبة مستقبلاً؟
خذ/ي قرارك من منطلق علمي...
📲 اقرئ/ي المقال العلمي الكامل من هنا
 https://thehealthgardens.com/قبل-أن-تُنجب-لما…ظيم-الأسرة-هو-ال/
#تنظيم_الأسرة 
#المشورة_قبل_الزواج",,0,05/13/2025 12:00,N/A,https://www.facebook.com/Premarital.Counseling2025/posts/pfbid0qHWWDQWGXbp1sQ9s5PbLJkuH3KAq4FMw37SXje6RfxhzuZhFoeAsWoNSRA73Ro8yl,0,0,Photos,,,,,Lifetime,0,204,37,30,7,0,19,13,5,,1,0,204,0,0,0,0,0,0,0,0,0,,,,,,,,,,,,,,,,,,,,,,,,,,,,,,,,,,,,,,,,,,,,,,,,,,,,,,,,,,,,,,,
1035,6.15528E+13,المشورة والفحص قبل الزواج ,"🧠 هل تفكران بالإنجاب بعد الزواج؟ ابدآ بالخطوة الأهم: التوعية ما قبل الحمل.
الحمل الآمن لا يبدأ من لحظة حدوثه… بل من لحظة الوعي به.
💬 في جلسات المشورة ما قبل الزواج، لا يكفي الحديث عن التوافق…
بل يجب الحديث عن الصحة، والتخطيط، والمستقبل.
👨‍⚕️ التثقيف ما قبل الحمل يساعدكم على:
✔️ فهم التغيرات الصحية المتوقعة
✔️ الاستعداد لتغذية سليمة ورعاية منتظمة
✔️ معرفة دور الشريك في دعم الحمل
✔️ تجنّب المضاعفات الصحية من البداية📚
 تعرّفوا على كل ذلك وأكثر في هذا المقال 
""قبل الحمل: التوعية الصحية حجر الأساس""
🔗  https://thehealthgardens.com/قبل-الحمل-التوعي…لصحية-حجر-الأساس/ ‎
#قبل_الحمل 
#المشورة_قبل_الزواج",,0,05/14/2025 11:00,N/A,https://www.facebook.com/Premarital.Counseling2025/posts/pfbid047ZMJAms6xUriqvWBPZ94dJJEb1qhnh68WSsjKQ6GdBYwMarygGwDpZJqJBJ5uhhl,0,0,Photos,,,,,Lifetime,0,125,20,15,4,1,6,3,,,3,0,125,0,0,0,0,0,0,0,0,0,,,,,,,,,,,,,,,,,,,,,,,,,,,,,,,,,,,,,,,,,,,,,,,,,,,,,,,,,,,,,,,
1036,6.15528E+13,المشورة والفحص قبل الزواج ,"🧠 هل تفكّران في تكوين أسرة يومًا ما؟ ابدآ بالخطوة الأذكى: الوعي ما قبل الحمل.

الولادة ليست مجرد ""لحظة""، والرضاعة ليست ""تفصيلًا بعد الولادة""...
بل هما تجارب محورية تؤثر على صحة الأم، والطفل، والعلاقة الزوجية بأكملها.

👩‍⚕️ التوعية حول الولادة والرضاعة تُعطيكما الأدوات لتكونا شركاء حقيقيين في الرحلة:
✔️ فهم مراحل الولادة الطبيعية وكيفية دعم الأم خلالها
✔️ معرفة أهمية الاتصال المبكر بين الأم والرضيع
✔️ الاستعداد النفسي والجسدي لتجربة الرضاعة الطبيعية
✔️ فهم دور الأب كشريك في الرعاية والدعم، لا كمشاهد

💡 أنتما فريق واحد… وكل معلومة اليوم، تساوي راحة ووعي وغنى في الغد.

📚 اكتشفا المزيد في هذا المقال:
الولادة الطبيعية والرضاعة: مسؤولية مشتركة تبدأ بالوعي
https://thehealthgardens.com/الولادة-الطبيعية…رضاعة-مسؤولية-مش/

 #الولادة_الطبيعية
 #الرضاعة_الطبيعية
#المشورة_قبل_الزواج",,0,05/15/2025 12:00,N/A,https://www.facebook.com/Premarital.Counseling2025/posts/pfbid02E9kqZNNEok9gH7GGa6tDE8zcRjk1SSiCSGCDLF45jbMdEk8Vp1dfSE9sYn6ZYV7Sl,0,0,Photos,,,,,Lifetime,0,150,21,16,5,0,14,10,1,,3,0,150,0,0,0,0,0,0,0,0,0,,,,,,,,,,,,,,,,,,,,,,,,,,,,,,,,,,,,,,,,,,,,,,,,,,,,,,,,,,,,,,,
1037,6.15528E+13,المشورة والفحص قبل الزواج ,"""كنت فاكر إن الجواز حب وبس؟ استنى شوية وشوف!""

هل عمرك فكرت:

إزاي نتفاهم وقت الخلاف؟‼️

هل لازم أوافق على كل حاجة عشان الأمور تمشي؟‼️

يعني إيه ""شراكة حقيقية"" بعد الجواز؟‼️

في مشهد واقعى، ""أسامة"" و""لينا"" بيكتشفوا قد إيه في حاجات محدش علّمهم يتكلموا عنها قبل الجواز...
ومع الأخصائية ""أمل""، كل كلمة في الجلسة بتفتح باب جديد للفهم والتفاهم. ليكتشفا معًا أن الحب وحده لا يكفي… بل يحتاج الزواج الناجح إلى فهم، اتفاق، و""خارطة طريق"" تُبنى على الحوار، التفاهم، وتوزيع الأدوار بوعي

لو ناوي ترتبط، أو حتى مجرد بتفكر… الفيديو ده ليك.
مش عشان يخوفك، لكن عشان يحضّرك!

ما تخليش أول خلاف يهز علاقتك… خليك واعي من البداية.

#المشورة_قبل_الزواج
#زواج_ناجح","""كنت فاكر إن الجواز حب وبس؟ استنى شوية وشوف!""

هل عمرك فكرت:

إزاي نتفاهم وقت الخلاف؟‼️

هل لازم أوافق على كل حاجة عشان الأمور تمشي؟‼️

يعني إيه ""شراكة حقيقية"" بعد الجواز؟‼️

في مشهد واقعى، ""أسامة"" و""لينا"" بيكتشفوا قد إيه في حاجات محدش علّمهم يتكلموا عنها قبل الجواز...
ومع الأخصائية ""أمل""، كل كلمة في الجلسة بتفتح باب جديد للفهم والتفاهم. ليكتشفا معًا أن الحب وحده لا يكفي… بل يحتاج الزواج الناجح إلى فهم، اتفاق، و""خارطة طريق"" تُبنى على الحوار، التفاهم، وتوزيع الأدوار بوعي

لو ناوي ترتبط، أو حتى مجرد بتفكر… الفيديو ده ليك.
مش عشان يخوفك، لكن عشان يحضّرك!

ما تخليش أول خلاف يهز علاقتك… خليك واعي من البداية.

#المشورة_قبل_الزواج
#زواج_ناجح",224,05/16/2025 11:01,auto,https://www.facebook.com/Premarital.Counseling2025/videos/584909370756914/,1,0,Videos,,"Premarital Counseling, Narges fathi",,,Lifetime,0,279,44,32,11,1,20,20,,,,0,279,0,180,25,130,25,0,180,0,0,6387.727,15.889,0,0,0,81,44,6,34,4,4,2,2,,2,,,174,2,,1,,,,,,1,,1,1,,,,,,,,,,,,,,,,,,,,,,,,,,,,,,,,,
1038,6.15528E+13,المشورة والفحص قبل الزواج ,"🌿 هل الزواج مجرد قصة حب؟ أم مشروع حياة؟ 💍

كثيرون يدخلون عالم الزواج بقلوب نابضة… لكن بقليل من الفهم والاستعداد!

🔍 هل تعلم أن الزواج ليس فقط علاقة بين رجل وامرأة، بل هو سنّة كونية، ومسؤولية إنسانية؟
إنه ""سكن ومودة ورحمة""… لكنه أيضًا:
▪ شراكة عميقة
▪ وعي نفسي وثقافي
▪ رحلة لبناء أسرة… وصناعة أجيال! 👶🏽👨‍👩‍👧‍👦

في هذا المقال المميز ✨ نأخذك في جولة علمية حول:
✅ معنى الزواج الحقيقي
✅ أهمية الإرشاد الزواجي
✅ القواعد الذهبية لأسرة صحية
✅ خطوات الاستعداد النفسي والاجتماعي

💡 إذا كنت مقبلًا على الزواج، أو تُفكر فيه يومًا، فهذا المقال لك…
اقرأه الآن لتبدأ مشروعك بالحكمة لا بالعاطفة فقط.

📌 ابدأ حياتك الزوجية عن وعي… فالعاطفة وحدها لا تكفي!
🔗  https://thehealthgardens.com/الزواج-سنة-كونية…سؤولية-إنسانية-ر/

 #المشورة_قبل_الزواج 
#زواج_ناجح",,0,05/17/2025 11:00,N/A,https://www.facebook.com/Premarital.Counseling2025/posts/pfbid01MtmdsMMpvuS4g5URZepzjKMtKzuMUCxduDd7usxXs79czxofJFvQtBf1J8S3V2vl,0,0,Photos,,,,,Lifetime,0,132,26,18,8,0,5,4,,,1,0,132,0,0,0,0,0,0,0,0,0,,,,,,,,,,,,,,,,,,,,,,,,,,,,,,,,,,,,,,,,,,,,,,,,,,,,,,,,,,,,,,,
1039,6.15528E+13,المشورة والفحص قبل الزواج ,"هل فكرت يومًا إنك تكون بتحضّر لفرح… وبتجهّز في نفس الوقت لنقطة انهيار؟
👰🤵 إحنا بنتكلم كتير عن الحب…
بس بننسى نسأل نفسنا: هل الحب لوحده كفاية؟
🎭 بنشوف علاقات تنهار رغم إنهم ""كانوا بيحبوا بعض""....... ليه؟
-لأنهم ما عرفوش يتكلموا.
-ما اتفقوش على الحدود.
-ما فهموش نفسهم… قبل ما يطلبوا من حد يفهمهم.
📌 الزواج مش مجرد اختيار شخص…
الزواج اختيار وعي نفسي قبل أي حاجة تانية.
قبل ما ترتبط:
– اسأل نفسك عن مخاوفك.
– حدد خطوطك الحمراء.
– راجع قدرتك على الحوار والتسامح.
– وواجه أي علامة خطر… حتى لو كنت بتحب.
📖 المقال ده فيه 10 مفاتيح نفسية وعملية،
بتفرق بين شخص جاهز يعيش… وشخص بس عايز ""يهرب من الوحدة"".
وفيه كمان:
🔸 تحليل لمراحل الزواج والمشاكل المتوقعة
🔸 الأسباب العميقة للمشاكل الأسرية
🔸 خطوات للحفاظ على الحب من التآكل
💬 اقرأه كأنك بتتكلم مع نفسك بعد 5 سنين من دلوقتي…
واسألها:  هل كنت مستعد فعلًا… ولا كنت بتجري؟

🔗https://thehealthgardens.com/مشاكل-الزواج-لا-تبدأ-بعد-الفرح-بل-قبل/
 #المشورة_قبل_الزواج 
#زواج_ناجح💍",,0,05/18/2025 11:00,N/A,https://www.facebook.com/Premarital.Counseling2025/posts/pfbid02tytRknWbePktkBsgwcHciGNtJ6FUxNGXkHjsaWfQPexbPHjm1Vpu3uE5zRSGfLuBl,0,0,Photos,,,,,Lifetime,0,109,14,13,1,0,8,5,,,3,0,109,0,0,0,0,0,0,0,0,0,,,,,,,,,,,,,,,,,,,,,,,,,,,,,,,,,,,,,,,,,,,,,,,,,,,,,,,,,,,,,,,
1040,6.15528E+13,المشورة والفحص قبل الزواج ,"🌟 خطة النجاح من أول يوم زواج... هل أنتما مستعدان حقًا؟ 💍

هل تعتقد أن الحب وحده يكفي؟ 🤔
الزواج ليس قصة وردية تبدأ بالنوايا الطيبة فقط، بل مشروع شراكة حقيقية يحتاج لتخطيط، ووضوح، ومهارات حياتية... من أول يوم.

🚨 واحدة من أكثر أسباب الطلاق شيوعًا؟
سوء فهم الأدوار!
""ظننت أنها ستفعل كذا""، ""توقعت أنه سيساعدني""... هكذا تبدأ الخلافات التي كان يمكن تفاديها باتفاق بسيط.
💡 في هذه الخطة العملية للنجاح من أول يوم زواج، ستكتشف:
✔️ كيف تتقاسمان المسؤوليات اليومية بذكاء.
✔️ كيف تتغير الأدوار الزوجية عبر مراحل الحياة.
✔️ كيف تُحوّلان الخلاف إلى فرصة للتقارب، لا للابتعاد.
✔️ ولماذا الزواج الناجح يشبه فريق العمل، لا مسابقة من الأفضل!

❤️ الحب يحتاج قواعد... والشراكة تحتاج مرونة... والخلافات تحتاج مهارة.
📌 ابدأ زواجكما برؤية ناضجة، وخطة واضحة، واتفاق عادل.
لأن البداية الصحيحة تصنع فرقًا طوال العمر.
🔗 https://thehealthgardens.com/خطة-النجاح-من-أو…واج-تقسيم-الأدوا/
👇 شاركنا: ما المهارة التي تتمنّى لو تعلمتها قبل الزواج؟

 #الفحص_قبل_الزواج
 #زواج_ناجح💍",,0,05/19/2025 11:00,N/A,https://www.facebook.com/Premarital.Counseling2025/posts/pfbid02p6VEp6cYNAYErgzk6kttD2B7XL2HniLJX4bxeubPmLhjZghq2HJFdSC2Wu4VPgUal,0,0,Photos,,,,,Lifetime,0,80,14,12,2,0,4,3,,,1,0,80,0,0,0,0,0,0,0,0,0,,,,,,,,,,,,,,,,,,,,,,,,,,,,,,,,,,,,,,,,,,,,,,,,,,,,,,,,,,,,,,,
1041,6.15528E+13,المشورة والفحص قبل الزواج ,"الخطوبة مش ورديّة… ولا الزواج دائمًا سكر زيادة! 🍯
لو بتحس إنك ""مش فاهم شريكك""، أو إن كل نقاش بينكم بينتهي بزعل…
مشكلتك مش فريدة، لكن الحل مش بعيد.
🧠 دليل شامل فيه أدوات علمية + أمثلة من الحياة الواقعية
هيساعدك:
✅ تعرف توصل مشاعرك بدون صراخ أو سكوت
✅ تبني علاقة فيها تفاهم وثقة
✅ تحلّ المشكلات من جذورها
اقرأه قبل ما تقع في نفس الأخطاء اللي وقع فيها غيرك.
📖  https://thehealthgardens.com/مهارات-التواصل-و…مشكلات-في-الحياة/ ‎
 #زواج_ناجح💍
 #المشورة_قبل_الزواج",,0,05/20/2025 11:00,N/A,https://www.facebook.com/Premarital.Counseling2025/posts/pfbid0349CGXzwG18PCnGy5p42QCUufNGsgkuZKx6ZbaZrno7py6WGtcRYf3tT7ZYup86wBl,0,0,Photos,,,,,Lifetime,0,132,24,21,3,0,30,18,3,,9,0,132,0,0,0,0,0,0,0,0,0,,,,,,,,,,,,,,,,,,,,,,,,,,,,,,,,,,,,,,,,,,,,,,,,,,,,,,,,,,,,,,,
1042,6.15528E+13,المشورة والفحص قبل الزواج ,"""قهوة ونقاش من القلب""","ما بعد الفحوصات والمشورة... تبدأ الأسئلة الحقيقية.

مش مجرد فنجان قهوة.
هو اختبار صامت للعقل، للقلب، وللقدرة على الاستمرار.

هل نكمّل الطريق؟
ولا نكتشف إننا مختلفين في أهم التفاصيل؟

حوار صادق...
نقاش عميق ما قبل القرار الكبير.

""قهوة ونقاش من القلب""
 مشهد يلامس الواقع ويكشف ما خلف المشاعر.

#حوار_الحياة
#المشورة_قبل_الزواج",48,05/21/2025 11:01,N/A,https://www.facebook.com/Premarital.Counseling2025/videos/2106237703178016/,1,0,Videos,,"Premarital counseling,  Narges Fathi, motion graphs",,,Lifetime,508,19194,77,67,8,2,656,632,,24,,508,310,18939,8731,0,8083,0,8487,244,0,0,108044.452,5.042,0,0,0,4125,1703,1658,598,370,155,30,18,15,13,11,8,8722,3,2,1,1,1,1,,,,,,,,,,,,,,,,,,,,,,,,,,,,,,,,,,,,,,,
1043,6.15528E+13,المشورة والفحص قبل الزواج ,"💍❤️ هل الحب وحده يكفي؟
قبل أن تبدأ رحلتك الزوجية، هل سألت نفسك:
🔍 هل أنا وشريكي متوافقان صحيًا؟
🧬 هل هناك أمراض وراثية قد تؤثر على مستقبل أطفالنا؟
🛡️ كيف يمكنني حماية من أحب واتخاذ قرار مسؤول؟
الفحص ما قبل الزواج ليس مجرد إجراء… إنه مفتاح لحياة آمنة ومستقرة! لا تدع الشك يكون جزءًا من مستقبلك، بادر اليوم واتخذ خطوة نحو حياة زوجية مليئة بالثقة والطمأنينة. 💑
اكتشف الإجابات واحصل على نصائح قيمة تُغير حياتك!
📌 تابعنا لمعرفة المزيد عن المشورة قبل الزواج وكيف تصنع بداية صحيحة. ✅
📌 يمكنك ملئ الاستمارة المرفقة من خلال التالى 
للشباب من خلال اللينك التالى 
https://forms.gle/dYqcKiTHMW2SaJwu7
للبنات من خلال اللينك التالى 
https://forms.gle/BgfL4La5rvYaQ6uA9

#حياة_جديدة_بداية_صحيحة
#المشورة_ماقبل_الزواج
#سعادتك_مسؤوليتك","💍❤️ هل الحب وحده يكفي؟
قبل أن تبدأ رحلتك الزوجية، هل سألت نفسك:
🔍 هل أنا وشريكي متوافقان صحيًا؟
🧬 هل هناك أمراض وراثية قد تؤثر على مستقبل أطفالنا؟
🛡️ كيف يمكنني حماية من أحب واتخاذ قرار مسؤول؟
الفحص ما قبل الزواج ليس مجرد إجراء… إنه مفتاح لحياة آمنة ومستقرة! لا تدع الشك يكون جزءًا من مستقبلك، بادر اليوم واتخذ خطوة نحو حياة زوجية مليئة بالثقة والطمأنينة. 💑
اكتشف الإجابات واحصل على نصائح قيمة تُغير حياتك!
📌 تابعنا لمعرفة المزيد عن المشورة قبل الزواج وكيف تصنع بداية صحيحة. ✅
📌 يمكنك ملئ الاستمارة المرفقة من خلال التالى 
للشباب من خلال اللينك التالى 
https://forms.gle/dYqcKiTHMW2SaJwu7
للبنات من خلال اللينك التالى 
https://forms.gle/BgfL4La5rvYaQ6uA9

#حياة_جديدة_بداية_صحيحة
#المشورة_ماقبل_الزواج
#سعادتك_مسؤوليتك",19,04/08/2025 09:36,auto,https://www.facebook.com/Premarital.Counseling2025/videos/1554529702171931/,0,0,Videos,,,,,Lifetime,0,369,63,59,3,1,19,18,,,1,0,369,0,283,0,216,0,0,283,0,0,4727.982,9.768,0,0,0,120,52,9,68,8,11,2,1,,8,2,,273,2,1,1,,,,1,,2,,,,1,,,1,,,,,,,,,,1,,,,,,,,,,,,,,,,,,,
